{"focalX": 531.1500244140625, "distortion": [0.0, 0.0, 0.0, 0.0, 0.0], "centerY": 240, "focalY": 531.1500244140625, "height": 480, "width": 640, "centerX": 320}
